Штурман Альбанов, плывет с: точка в Баренцевом море не нуждается в сопровождении
Штурман Альбанов, плывет с: Саббета 3 не нуждается в сопровождении
Штурман Альбанов, плывет с: точка в Баренцевом море не нуждается в сопровождении
Штурман Альбанов, плывет с: Саббета 3 не нуждается в сопровождении
Штурман Альбанов, плывет с: точка в Баренцевом море не нуждается в сопровождении
Штурман Альбанов, плывет с: Саббета 3 не нуждается в сопровождении
Штурман Кошелев, плывет с: Саббета 3 не нуждается в сопровождении
Штурман Кошелев, плывет с: точка в Баренцевом море не нуждается в сопровождении
Штурман Кошелев, плывет с: Саббета 3 не нуждается в сопровождении
Штурман Кошелев, плывет с: точка в Баренцевом море не нуждается в сопровождении
Штурман Кошелев, плывет с: Саббета 3 не нуждается в сопровождении
Штурман Кошелев, плывет с: точка в Баренцевом море не нуждается в сопровождении
Лагорта, 9194012, плывет с: точка в Баренцевом море, забрать перед rebro_9, дата:29, время:0, дата прибытия:7, время прибытия:17
Лагорта, плывет с: Саббета 3 не нуждается в сопровождении
Михаил Лазарев, плывет с: Саббета 2 не нуждается в сопровождении
Михаил Лазарев, плывет с: точка в Баренцевом море не нуждается в сопровождении
Юрий Кучиев, плывет с: Саббета 1 не нуждается в сопровождении
Юрий Кучиев, плывет с: точка в Баренцевом море не нуждается в сопровождении
Эдуард Толль, плывет с: точка в Баренцевом море не нуждается в сопровождении
Эдуард Толль, плывет с: Саббета 1 не нуждается в сопровождении
Борис Давыдов, плывет с: точка в Баренцевом море не нуждается в сопровождении
Владимир Воронин, плывет с: точка в Баренцевом море не нуждается в сопровождении
Владимир Воронин, плывет с: Саббета 1 не нуждается в сопровождении
Владимир Русанов, плывет с: Саббета 1 не нуждается в сопровождении
Арктика-2, плывет с: точка в Баренцевом море не нуждается в сопровождении
Арктика-2, 9243801, плывет с: Саббета 2, забрать перед rebro_13, дата:24, время:21, дата прибытия:28, время прибытия:21
РЗК Константа, 8711289, плывет с: Сабетта 2, забрать перед rebro_10, дата:29, время:15, дата прибытия:2, время прибытия:19
РЗК Константа, плывет с: точка в Баренцевом море не нуждается в сопровождении
РЗК Константа, плывет с: Сабетта 1 не нуждается в сопровождении
Беринг, плывет с: Сабетта 2 не нуждается в сопровождении
Беринг, 9267297, плывет с: точка в Баренцевом море, забрать перед rebro_9, дата:25, время:0, дата прибытия:28, время прибытия:22
Северный проект, 9202053, плывет с: точка в Баренцевом море, забрать перед rebro_9, дата:24, время:0, дата прибытия:30, время прибытия:21
Мыс Желания, 9366110, плывет с: точка в Баренцевом море, забрать перед rebro_1, дата:31, время:12, дата прибытия:2, время прибытия:12
Мыс Желания, плывет с: Сабетта 2 не нуждается в сопровождении
Мыс Желания, 9366110, плывет с: точка в Баренцевом море, забрать перед rebro_8, дата:30, время:0, дата прибытия:1, время прибытия:23
Никифор Бегичев, плывет с: точка в Баренцевом море не нуждается в сопровождении
Никифор Бегичев, 9014896, плывет с: Сабетта 2 , забрать перед rebro_10, дата:22, время:3, дата прибытия:26, время прибытия:22
LNG PHECDA, плывет с: точка в Баренцевом море не нуждается в сопровождении
LNG PHECDA, плывет с: Сабетта 1 не нуждается в сопровождении
LNG PHECDA, 9834313, плывет с: точка в Баренцевом море, забрать перед rebro_7, дата:16, время:9, дата прибытия:18, время прибытия:16
LNG PHECDA, 9834313, плывет с: Сабетта 1, забрать перед rebro_10, дата:20, время:9, дата прибытия:22, время прибытия:22
LNG DUBHE, плывет с: точка в Баренцевом море не нуждается в сопровождении
LNG DUBHE, плывет с: Сабетта 1 не нуждается в сопровождении
LNG DUBHE, 9834296, плывет с: точка в Баренцевом море, забрать перед rebro_9, дата:13, время:0, дата прибытия:14, время прибытия:16
LNG DUBHE, 9834296, плывет с: Сабетта 1, забрать перед rebro_10, дата:13, время:19, дата прибытия:15, время прибытия:10
LNG DUBHE, 9834296, плывет с: Сабетта 1, забрать перед rebro_10, дата:23, время:0, дата прибытия:25, время прибытия:23
